time, bias_gyr_x, bias_gyr_y, bias_gyr_z, bias_acc_x, bias_acc_y, bias_acc_z
-1, 0, 0, 0, 0, 0, 0
193588.89225865300978, 0, 0, 0, 0, 0, 0
193588.92557498600218, -0.0434186, 0.000850106, -0.00235249, 0.000139641, 0.000274588, -0.000391081
193588.95889128601993, -0.0402093, 0.00206739, -0.00546329, -0.00285411, -0.000756697, -0.000186754
193588.99220762401819, -0.0362994, 0.003755, -0.00591094, -0.0177328, -0.00209743, -0.000531945
