time, px, py, pz, qw, qx, qy, qz
-1, 0.0151155, -0.00815406, -0.0110363, -0.000383946, 0.707789, -0.706423, 0.00119798
193588.89225865300978, 0.0151155, -0.00815406, -0.0110363, -0.000383946, 0.707789, -0.706423, 0.00119798
193588.92557498600218, 0.0151155, -0.00815406, -0.0110363, -0.000383946, 0.707789, -0.706423, 0.00119798
193588.95889128601993, 0.0151155, -0.00815406, -0.0110363, -0.000383946, 0.707789, -0.706423, 0.00119798
193588.99220762401819, 0.0151155, -0.00815406, -0.0110363, -0.000383946, 0.707789, -0.706423, 0.00119798
