time, px, py, pz, qw, qx, qy, qz, vx, vy, vz
-1, 0, 0, 0, 1, 0, 0, 0, 0, 0, 0
193588.89225865300978, 3.90034e-07, -2.83374e-06, 1.84826e-05, 0.720548, 0.0791948, -0.688867, 0.000295205, 0.00165399, -0.000533712, 4.50259e-05
193588.92557498600218, -0.00100731, -0.00107101, -0.00036095, 0.71341, 0.0863379, -0.695405, -0.00203733, -0.00389126, -0.0293361, 0.0250885
193588.95889128601993, -0.00155011, -0.00176489, -0.00048642, 0.718326, 0.0752719, -0.691543, 0.0104852, -0.00667529, -0.0175264, 0.0133187
193588.99220762401819, -0.00186784, -0.00224898, -0.000672673, 0.719119, 0.0836239, -0.689825, 0.00398964, -0.00102354, -0.0324177, 0.00665848
